,Kmer,Raw Count,Count per Million,Normalized Count
0,TAGTCGGGCATATTGTTCGTTGTTTTGGTGGGTGGGTGGT,564,26.8272088,2.68E-05
1,ATGATGTCAACAAAAAGTGTGAAAAACAGGCTAGTGGGGG,222,10.55964602,1.06E-05
2,ACAGTGTTTCACGGAGGTACGGGGAGGTTGAGGAGAAGTG,138,6.564104281,6.56E-06
3,TGTTTGAGGGGGATAGGTGTTTATCTACGTGGAAGGTGTG,133,6.326274416,6.33E-06
4,GAAAGCACGGTTATGGAGGATATTATGTAGGAATCTCTAC,101,4.804163278,4.80E-06
5,CAGTCGGTGCCCGCTAGTGCTATCTTGCCAAATCGAGTAA,71,3.377184087,3.38E-06
6,CAATATGGCTGTGTGCAGTTTGCGTTTGTCTACTTTACTA,66,3.139354222,3.14E-06
7,ATAGGTTATAGCGTCTTGTTTATTAGGAGTGTCGGGCGAA,61,2.901524356,2.90E-06
8,TCGTATGCGTAGTACTGAAAGAGTGCAAGAGATATTCTAG,54,2.568562545,2.57E-06
9,ACCTGGACCGTCTTTTAATGTTTTGTTTGTTGTTGATACT,53,2.520996572,2.52E-06
10,GTCTTGCCTAATAGTAATACCCCCGAACTTTTGAAGTCTG,53,2.520996572,2.52E-06
11,CGGGTGTGTAGTTGTCTGTAAACTCGAAGGATCAATTTGG,52,2.473430599,2.47E-06
12,AGGATCTGATATTCGTGTGGAATAATTGCGTTGGAGGGCT,51,2.425864626,2.43E-06
13,GATCTGGGGTGTTCAGGTTCTAGTCGAGAGGAGTATATTG,46,2.18803476,2.19E-06
14,AGAAATAAAATTCTGGAGATTAGTTCGAAAGTAGGCGTGA,45,2.140468787,2.14E-06
15,AACGACTTAGCTTGTTCCATCTTAAATGCCTCCGGATTTA,43,2.045336841,2.05E-06
16,GGAGTGTGACTGCTAAGTGGATGATATGTTGGGATCTCGG,42,1.997770868,2.00E-06
17,CCCCACACTGCAATTAAACATTCTATTAGGTAATCCGAAC,40,1.902638922,1.90E-06
18,TCCAGCGTTATCCAGTCGTGTTGCATTGGGTAAATCCTAC,39,1.855072949,1.86E-06
19,CGAAGTTCGTGTGCAGGGTGGGAATTGACATTACTCAGAA,38,1.807506976,1.81E-06
20,ACTTATGATGGTGTTTGAATTTGCGGTCGGTGGGTCCGTA,37,1.759941003,1.76E-06
21,CAATGCATAGGATTTATGAGATATGACAATTATATTTTCA,37,1.759941003,1.76E-06
22,GCTCGTAGTCGTGGCTTCAGCTTAAGCAGGAGGGGTCTAG,36,1.71237503,1.71E-06
23,AAGGGCGTACCTTCCTTTCAGGGGCAGGATAGTGAGATTT,36,1.71237503,1.71E-06
24,ATAGTTTAAATTCAAATCTTTCTACGGGCAGCATTGGACC,34,1.617243084,1.62E-06
25,TAGGTCACTTGTACCAGTTAACTGGCCTGAGCCTTGCGTA,34,1.617243084,1.62E-06
26,GCGATTGCAAATATGGTTCCAGAAGTTAAAGTGTATTCGA,33,1.569677111,1.57E-06
27,CAGCTTTATTCACCTGAGAAACTTGATTGAGTTCAGCCAA,33,1.569677111,1.57E-06
28,GGGCCGGGTCGGTAATGTTTAAACTCGCTCATCTCTTGGA,32,1.522111138,1.52E-06
29,AGGTTTAATTGTGAGACCTGAGGAAAGTAATTTAGCCCGG,30,1.426979192,1.43E-06
30,ATAAGCAGTGGGTTCTTCTTGTACAAATGTGGTTTTATGT,30,1.426979192,1.43E-06
31,GAGGAGAGACGTTTCTACGCCGTTATATCCGAACTACTAA,30,1.426979192,1.43E-06
32,GGTTAGATTGTTTACGAGAGAGACTTTACCAATAGGACGA,29,1.379413219,1.38E-06
33,CGACTAGTTGTGGTCTATTGATCAGACTTGGTATCGGTAT,29,1.379413219,1.38E-06
34,ACTGGGCTCGGAATGCCAGGCAAGTGGCTCGAAGACTAGA,28,1.331847245,1.33E-06
35,ATGCCTCAAGAGGCAGGATTCTAAGTGTTATGAGGGCCTA,28,1.331847245,1.33E-06
36,AGGCCGTTAGAACGTCATAAGGGGTATCGAGGTGTATAAG,27,1.284281272,1.28E-06
37,TCAGATCAGGATGTACGCCTGATTTTATGGTAGGGTGGCT,27,1.284281272,1.28E-06
38,CTGGCGAGCGTACGGCTGTGTTATGATTGGGTTTTGTCTT,27,1.284281272,1.28E-06
39,CGTATAACGCCCGTTGTTGCTGAGGTATAACATCACTTGT,27,1.284281272,1.28E-06
40,TGAGATTAGTGAAAGTTACAGAATCGAACGTCTCAATTTT,27,1.284281272,1.28E-06
41,AAGCAACCGGGAGCCTTTCGCTTGGCATTACTTTTTGATT,27,1.284281272,1.28E-06
42,ACCGTTATCTCGGGCCAAGGCGAATCGTGATAGTAGGGCT,27,1.284281272,1.28E-06
43,GGAAAAGGTATATTACGTAACCTGGACGGAGGAACCATGA,27,1.284281272,1.28E-06
44,CCCATCGGCTTGATTATTAGCCAATTAGTGGTGTTGGATC,26,1.236715299,1.24E-06
45,GGATCTTCGTGACGATGTTGGTCTTAAGGCATGTGGTGGG,26,1.236715299,1.24E-06
46,CAAAGCGGGATTCACCCGTTCGCAATGATTAGGATATTAC,26,1.236715299,1.24E-06
47,TGTGTGTTATTCGACCACAAACGATGGTTACCATGATCTC,26,1.236715299,1.24E-06
48,CTGTCCAGTATGTCTTCCTTTATTGAGTGAGGATTGAGCG,25,1.189149326,1.19E-06
49,TGGGGTTTCTGCTGCTTGGGTTAACTTTGCAGTGGTTTTT,25,1.189149326,1.19E-06
50,GATGGTTTAGTATAGGGTGCGGGAATTAAATTGGTAGGTA,25,1.189149326,1.19E-06
51,AGAAGGAGAGTGTGTGGAGATGGAGCGTCCAAGGTTGGGG,24,1.141583353,1.14E-06
52,AGTGTTGTATTTGTAAGTTTTCCTTCGATCATCTATGCGT,24,1.141583353,1.14E-06
53,GGGTGGAGGAGTGCATGGGGTAACACAGCCTGCTCTTTGA,24,1.141583353,1.14E-06
54,TGTGCGATGTCTGTGACTGTGGAACTTTCACTCCTTTACA,24,1.141583353,1.14E-06
55,GTGTTATGGGGCGGTGTCTCATAGGTAGTCAAGAAGTCAT,24,1.141583353,1.14E-06
56,CGATTCAACCATCCTGTGTGTCATCGGTTCTTCGGTCTCA,24,1.141583353,1.14E-06
57,AGAGACGAAGGTCATCCTAGGCTTATAAGAATCTGTAGCA,23,1.09401738,1.09E-06
58,TGACACGAACTCCGTCGTTTACTAGCACTAGTAGATCCTC,23,1.09401738,1.09E-06
59,ATGTTTAGGCAACTGACTTGTACGTAATGGAGTGGACGTT,23,1.09401738,1.09E-06
60,AGTTAATAGATTCGTCAGACGGAGCGACAAACGTTGTCGA,23,1.09401738,1.09E-06
61,ACTTGCTGGGAAGTCAGGACCGGACGCCTTAGCAATTGGA,22,1.046451407,1.05E-06
62,CATGTTTAATACTGAGGGTGTAACTGTCTGGGATGACGGT,22,1.046451407,1.05E-06
63,GTTATCGCATTTATCTTCATTACAATAGATAATAGCTTTG,22,1.046451407,1.05E-06
64,TTAGGTGCACTTATAGATAGTGTTATGATGATGGGAGGCT,22,1.046451407,1.05E-06
65,GATGCAATAGCGGTGAGTGTGCGTGATAAAAGAGTACCTA,21,0.998885434,9.99E-07
66,GGGTGTTGTGAGGTCGATGGATCCGCTCCCGCATGTATGA,21,0.998885434,9.99E-07
67,GTTATGTGGGGGAACTGGGGTAATTTAGGACTATAAGCAA,21,0.998885434,9.99E-07
68,CGTCCGTTTTAATGACGAGTGGTTCCTCCTCAGTGCGTAC,21,0.998885434,9.99E-07
69,TCAGCGTTCAAGGGGGAAGAGGTTTAAGGGCTAGATAGAG,21,0.998885434,9.99E-07
70,TTCGCTATGGTTGTCTTTAGTTGATCTGCTTTCGAAGTCG,21,0.998885434,9.99E-07
71,CAAAGGTAGCAGCGTACAAAATCTGTTATGCATTTTCAAT,21,0.998885434,9.99E-07
72,GACTCGGGCTTCTCCGGCTATATTATCATTTGTCTAGTCT,21,0.998885434,9.99E-07
73,GTGTTGGTGTGTCCGGTCCATTATTAAACTTTTAGGCCAA,21,0.998885434,9.99E-07
74,AGGTCCTTTTAACATTAACCGATATCCAGACCAGTACCCC,21,0.998885434,9.99E-07
75,TCAATTTAGCATGGAGGAATGGACAGTCGAGGCTTTCGAT,21,0.998885434,9.99E-07
76,GAGGCCTTCGTGGGTAGGTTCTATCCTCTTATTCCGATCG,21,0.998885434,9.99E-07
77,TTAGCGAATTATCGTGGATAAGGGTCGGATTTTTGGTGCC,20,0.951319461,9.51E-07
78,AATGGTGTCCCAGGTCTTGAGCAAAATAAATTGCTTCTGT,20,0.951319461,9.51E-07
79,CACCAGGTTTAGTCCAGTGAAAATCCTGGTGGTCGCCTTA,20,0.951319461,9.51E-07
80,AGCGTGGCTGCCCCAGTACAAATGATTTAAGACACGCGGA,20,0.951319461,9.51E-07
81,GAATGGGGTGGTGGCTGCTCAATGGGTTATACTGGGAAGG,20,0.951319461,9.51E-07
82,CCCATCTCACAGGATAGTGGCGCGATCTTTCCGTACGTTA,20,0.951319461,9.51E-07
83,TCGCCCGGGGTATTAAGGAGTGGACTGATACGATAGCTGT,20,0.951319461,9.51E-07
84,CCTAGAGGTTGTAATAATCTGCATCGGTGTGTGGGGTTCA,20,0.951319461,9.51E-07
85,GATGAAGCATGAGGGGTTGGATCGGTTGAACTTTGGATAG,20,0.951319461,9.51E-07
86,GGTACTGATGGTGTGCCAGCGACATGGTAAAGCACCTCTC,19,0.903753488,9.04E-07
87,CGCCTTTGAAAGTTGATTTCTTGTCATAATGTATTTCTGT,19,0.903753488,9.04E-07
88,CCCTCTTGAATCGGTCTTCGCGTGTGGATCATGTACTTTT,19,0.903753488,9.04E-07
89,TATGTTAAATATCTGTCGGTGTTACCTAATAATACATCTT,19,0.903753488,9.04E-07
90,ACAAGCAGAATCTCATGTGTTAAGGCATTCCAAAGTAAGG,19,0.903753488,9.04E-07
91,TACAAAGTGCCGTGATAAATCGTTTATATACATCGGGGGT,19,0.903753488,9.04E-07
92,GTGCGACGAAGTGCCACTAAGTTTTGCGCCTCGTGTTACC,19,0.903753488,9.04E-07
93,GGGGGGTTGATAGCTAGTTCGTCTGCAGATCTACATAGTG,19,0.903753488,9.04E-07
94,AGCGTTCCCTTGGACATCCTTTAAAAACATAAGATAGAAC,19,0.903753488,9.04E-07
95,ACTGACAAGGTAAGGGCATAGTACACGGTTATGGGGGGTC,19,0.903753488,9.04E-07
96,GGTACTGCAACGAAGCGGAGAATTCCCCGCTGACAGACTC,18,0.856187515,8.56E-07
97,CGTAACATCACGGTTAATCGTAATGTCGGATTTGATTGTC,18,0.856187515,8.56E-07
98,AGCTGCTGTGTTAAACTCCGGTCAAATGTCACCTAGCACT,18,0.856187515,8.56E-07
99,TCGTGGGTCCTTGATTTCTTGTCGGGATTAGTTTAGCGAA,18,0.856187515,8.56E-07
100,GGGAAGAGGTTAATTTCTCTTGGGGTAGTATAACCAGCCG,18,0.856187515,8.56E-07
101,GAGATAAAGGTCGTTATTATCCTGGCCGTAGAGCAATAGT,18,0.856187515,8.56E-07
102,ATGAAAAGTCCACCTGGGCATAGGATTCAGCAGCTCGTGT,18,0.856187515,8.56E-07
103,CACTGGAGTCAACAACTGCTTTAGACAGCTAGAAGGGGGG,18,0.856187515,8.56E-07
104,TAATTGCAGGAGGGAAAATAATTGTCGGTTCACAATGCGA,18,0.856187515,8.56E-07
105,AGCGATAAACCACGCGGGTACCGTCCAGCCTTTCATCGCT,18,0.856187515,8.56E-07
106,GTGCATTAACACGGGGATAACGTGCGTATGGTAAACAAAC,18,0.856187515,8.56E-07
107,GGTGATGAACAGCCATGGATTATTCGTATATGTTGAGTTT,17,0.808621542,8.09E-07
108,AAGCCACAGAGTAGGTGTGTCAATTCCGTAACGAGGTACC,17,0.808621542,8.09E-07
109,TTAAGTAAAATTACATTATTCGTTTGGTGTACTCTTTTCA,17,0.808621542,8.09E-07
110,CGACGGCCATAAGAATCTGGCTTAATCGTCTGTCGTGTTC,17,0.808621542,8.09E-07
111,CCAGTTTTCGGCTTATTCGGGGGATATTGGGATGGTGGTA,17,0.808621542,8.09E-07
112,GTGTTGTATGTGGCAAATCTTTGCAATAGGGCTTAGTCCG,17,0.808621542,8.09E-07
113,GCGTACGTGTTATGAAGTATATAAGATTTAGGATCTTGTG,17,0.808621542,8.09E-07
114,GGATGTAAGGAGTTGGAGATCCCTGGACATCTTTATTCGG,17,0.808621542,8.09E-07
115,TATTTGTCTGCCAAGCTATCGTTGTCGTGCGTCACCTACT,17,0.808621542,8.09E-07
116,CTAATATCGTCGGATTGTGTTGGTGTCGAAGGATTGAATC,17,0.808621542,8.09E-07
117,CCTGTCTCGGCGCTTTGGATTTTGGTCACGGATAAACAGA,17,0.808621542,8.09E-07
118,CGTATTGCGTTTATAGACTGTCTCTGTAGAAGAGGTGGGC,17,0.808621542,8.09E-07
119,GTGACCAGGATTGCTTTGGCGGCTTGAGGTTGACTGAGTT,16,0.761055569,7.61E-07
120,AGTCCTCCGCTTATCGGGAACCTTTGTCGGTAATGCTGGT,16,0.761055569,7.61E-07
121,AGGCCAGCGCGGTTATTGAACGAACATTTCTTGGACGTAT,16,0.761055569,7.61E-07
122,CTTCACTGAAGAGGTAGATCATAGATTATGCTTGCAAGTT,16,0.761055569,7.61E-07
123,GTCGGGCGTATTTAGTCTAAGATGCTAACAAGGCATGCCT,16,0.761055569,7.61E-07
124,ACACATTGGGTGGTGGTAGGTGGAGTATATCATCGAGTCT,16,0.761055569,7.61E-07
125,ATCGTTGAATAAATTACGATCTTATGCGCTTAATTAGCAT,16,0.761055569,7.61E-07
126,TGTAGATTAGAGGGATGTGCAAATAGTGTTAGCCGGTGAA,16,0.761055569,7.61E-07
127,ATTAGTGGATTGGTTGGGAACTCGCGTGTCTTTTATTTTC,16,0.761055569,7.61E-07
128,GACTGCCGGTGGTTATGGTGAACTGAGATAAAGATTACTA,16,0.761055569,7.61E-07
129,ATGAGGCTTTGGGTATAGGCTTCATAACGTCACAGCAGGC,16,0.761055569,7.61E-07
130,TAAAGGGCCATCAAAAGGAAACGGTAAATTGTCAGGCTTT,16,0.761055569,7.61E-07
131,ATGGTGTGTTATTTCAATAGCCTAGTTAAGGGTACTACTG,16,0.761055569,7.61E-07
132,AGGGTCTTGTGGAGGTACCTGAGACCAGTGTCGCGTTTAT,16,0.761055569,7.61E-07
133,CATCGTGAGGGGTCGGATTATCTGGGACATGGAGCCGTGT,16,0.761055569,7.61E-07
134,CACTGTTTGATTATATTGTTTAAGTCCTAAATATGTTCGC,16,0.761055569,7.61E-07
135,GAGGATACTCCTTATGGGTCGAAGAGTGTTTGGTTCCGTC,16,0.761055569,7.61E-07
136,TAAGATTTGGGTGAGTTAACTGCCGTAGTTGGTCGAGTCT,15,0.713489596,7.13E-07
137,TCAGGGGTCTGGGGGAAAGTAGGTGTTAGATTATGGATAG,15,0.713489596,7.13E-07
138,AAGATCCTCGGACTGAGTGGATTCGTGTATATCACTTCCT,15,0.713489596,7.13E-07
139,ATTCGCTGGTAGGGTTATGATTGGTGCCAGTCTGACTCAG,15,0.713489596,7.13E-07
140,GAGCGTGGAGCTCGGAGTATAGAGCATGATAAAGAGTGTC,15,0.713489596,7.13E-07
141,GTGAGAGAGTAGGCAATTTGATAAACTGGACGAGCAGTTA,15,0.713489596,7.13E-07
142,ACATCCTTCTCGGATAGTATGGAGATAATCTCGTCGTCGA,15,0.713489596,7.13E-07
143,GGGCATTTGCAACTTGGGGCCCTGTAATACTGGGTGCGTC,15,0.713489596,7.13E-07
144,TGAACTGTTAGTGTGCTCGGGTGGTAGACAGGGTAGCCTC,15,0.713489596,7.13E-07
145,ACGAACGCGGGAGCGTATATCTCATAGGTCATAGGCATTT,15,0.713489596,7.13E-07
146,GGTAGCCTCAATGACTGAGGTGGTCCCAAAAAAGTGTGTA,15,0.713489596,7.13E-07
147,GGCGTTACCCCTATTTCACTGAGATTAAGAAATGTACTTC,14,0.665923623,6.66E-07
148,ATCTCGCCATCAAGAAGAGACGAGAGCTGGGTCTATAATC,14,0.665923623,6.66E-07
149,ACACCTGTCTCATTCCATCGGTTTTTCCTTTAACGTAGTC,14,0.665923623,6.66E-07
150,AAATGTGGTGAGAGTGGGCTACGGGAAAGCGGGTAGGCCT,14,0.665923623,6.66E-07
151,ACAAGGATGGGGGTGTGTGGGCTGGTTTTAGCAGGTGGTA,14,0.665923623,6.66E-07
152,TGGTCATCCTCCGTTGACTGAATGAGATTACGCATTTCTA,14,0.665923623,6.66E-07
153,TAGGACTAAGTATCATTCGTTAGAATTGCGTGACTCGTAT,14,0.665923623,6.66E-07
154,CCCACAAATCCAAATTTCAGCTAGCACATCTGGGAGACCG,14,0.665923623,6.66E-07
155,TGAGGGGGGAAGTAGCGCCATATCTGGTATCACAATTCTT,14,0.665923623,6.66E-07
156,ACGTCCCCAAGTGTCATTGCTGTCGGAAGGAATCTGGCAT,14,0.665923623,6.66E-07
157,ATGGCTTGTCAAGTTTTTGTGTGTTGCGTTGTGTGTCTTT,14,0.665923623,6.66E-07
158,AGTGGTTTTTTGTAAGAAAGACAAAGTCGTGGTTGTTGGT,14,0.665923623,6.66E-07
159,TTACTCGGAATCCGTTTAGAAAGTCCCTGTCAAACACGTA,14,0.665923623,6.66E-07
160,ATGTGAGTCGGTTGTGGGCGAGGTACTACGTACTTGAAAG,14,0.665923623,6.66E-07
161,GTAAAAACCTTTTGAAGATTAGCGTAAATTGTATCCAGCT,14,0.665923623,6.66E-07
162,TGGATGCTAAGGTAGGGTATGGTCCAGGTTTAGGTGTATT,14,0.665923623,6.66E-07
163,TAGATTCCTCAAGGACCAAGTGGGTGTGACTGCTTAATCT,14,0.665923623,6.66E-07
164,CGTCACTAATCATTGATTGCTCCGTACTCCCTATTCTCTC,14,0.665923623,6.66E-07
165,ATATTTGGATTAAGTGGCTCGAGATATGGCATTCTAGAGT,14,0.665923623,6.66E-07
166,GACGGTATCAAATATGATCGAAGGGAAAGTAAGGGCGGAT,14,0.665923623,6.66E-07
167,TTAGCCTTGATTAGATTAAGCTTCGTAGCCGCAGCCGGGA,14,0.665923623,6.66E-07
168,ACGGATAGGGGCGGTACTTAAGGTTTACGAGTATATTGTT,14,0.665923623,6.66E-07
169,GCAGTACTAGTTAGGGGATAGAGGGGACTGGTTTTTTTGA,14,0.665923623,6.66E-07
170,GGATTCATTTTTGGGATTTCGGGTCGGTAACGACCTCTAC,14,0.665923623,6.66E-07
171,CCAAGGATCGTGCGTGGATATTAAGAGTACCATTGTTATA,13,0.61835765,6.18E-07
172,GCATAGTGTAGTGGGCAATCATTTTGGACGTTGATATACC,13,0.61835765,6.18E-07
173,AAAACGGTAAAGCGTGATCACTGGTGCTACTGAAACATAT,13,0.61835765,6.18E-07
174,ATCGTCCCTATCCTGGTTAGTCTGGTTGAGGTACTTGGGC,13,0.61835765,6.18E-07
175,TGTAGTGTTATTTTAGTCGCCTTGGAAAGCGTTCAGATCC,13,0.61835765,6.18E-07
176,CAGGACCTTTAGGTTTTTTAGGTTTCGATCGGTGGTGGGC,13,0.61835765,6.18E-07
177,GTAGGGTATAGAAAGCCCTGGGGGCAATTTTCAAGTATCT,13,0.61835765,6.18E-07
178,TGGTGGAGGTTAGCGTAAATAAAAGTGAGTCGTGTTGAGA,13,0.61835765,6.18E-07
179,CTACGAAATATGCTGCTCTATCATCCCACGAGTTAAGCGA,13,0.61835765,6.18E-07
180,TCGCACTCGTTTCGGTTCATGCGCTGTATGTAGTTATCCT,13,0.61835765,6.18E-07
181,AAAGGTAATCCTGAACCGTGGGACCGGTAATCATTATCTA,13,0.61835765,6.18E-07
182,CAGGTGGCGCATAAGGGATGAATGTGGCGTGGGAATACGC,13,0.61835765,6.18E-07
183,GGTAAATCCAAGTTTAATGTCCGTCAGTCGTATGTTACCC,13,0.61835765,6.18E-07
184,CAGACACACATGCCTGACTAGGTAGGCCATACGCAAAAAC,13,0.61835765,6.18E-07
185,TCCACCCATTGATTTAGGGTTATGCCTATTTAGCTTTAGT,13,0.61835765,6.18E-07
186,ATGTTTTGTATAACCAACGTTTGAACCTCAGGATGACGAG,13,0.61835765,6.18E-07
187,GATAAGAAAGTTAGACATAGTGGAGGAAACTAGAGCAGGC,13,0.61835765,6.18E-07
188,ATGGGGAAAGTTAGATACGCAGTCAGCTAGAGTCTCCTTC,13,0.61835765,6.18E-07
189,GGATGGAAAGTACGGTTTATGACGGAGATTCAACCGTCTC,12,0.570791677,5.71E-07
190,CCTTGCCGGAATTTTTCGTTCTACGATAAGTCCTACAGGA,12,0.570791677,5.71E-07
191,GGCTTGCGCTTGTTCGGACTATCTGTGCGATTCTAGTTGT,12,0.570791677,5.71E-07
192,TTGGTTGGAACGATGCCAACTCGTATTCTCAAAATATCAC,12,0.570791677,5.71E-07
193,ATGTTCTAACTTAGTACTGGCTCGGCTGACGGTATACCCC,12,0.570791677,5.71E-07
194,GCCTTGCTGGTGCCTGTGGGATCAAGAGCAGTACTGGGTA,12,0.570791677,5.71E-07
195,AACGGTGAGGGTGGGGAAGGTCGGTGAGTTGATCAAAGTA,12,0.570791677,5.71E-07
196,TAGATCGTTCCCGGACCTATCGCATATCTCTTTGACAACA,12,0.570791677,5.71E-07
197,ATGTAAACATTGATTTAACCCCGGGTCGTATTTTGTAGCT,12,0.570791677,5.71E-07
198,GAATGGCTGGGTATTGAGTTTCAATAAGCTCGGTCATTCA,12,0.570791677,5.71E-07
199,GGTTCCTGCACAGCACAACAGGCGTGACCGTGATAGCCTC,12,0.570791677,5.71E-07
200,CAACAATATTAAATACCCGAAGTAGAGAGCTTTGAAAGTT,12,0.570791677,5.71E-07
201,TTTGGTCGAGATATATGGCAAATATCGTATCATTCATTCT,12,0.570791677,5.71E-07
202,TCGTAGTTATCGATTCACACAGATCTCGGTAGTACCAAAG,12,0.570791677,5.71E-07
203,GATTCGAGCAAAGGTTCTAAATCTCTAGGCTAATCGAGGA,12,0.570791677,5.71E-07
204,GGCACCTCGTGTCTTTTCTTAAGACGGGTGGGGATACGGA,12,0.570791677,5.71E-07
205,GAAGTTTTTGTTATTCCCGGGCGGAGGCATGTGTATGTTA,12,0.570791677,5.71E-07
206,GGGTGGTACTGAAATTTTAGGTAGGAGATGGGTGTTAATT,12,0.570791677,5.71E-07
207,GTAGTTCACATGCTTGTATAAGGTTAGGGGAGTAGTGTAG,12,0.570791677,5.71E-07
208,CGGGATCGAGAATTAGGAAGTGCTAAACGGTAAGTTTAAG,12,0.570791677,5.71E-07
209,GGAGCCTACTCTATATCGGTTTTAGACCCCACTTGGCGGT,12,0.570791677,5.71E-07
210,TAGGCGGGTATATGCAGGCTTCTTGGATTATAGACTGGAT,12,0.570791677,5.71E-07
211,GCAGGTGCAAGTTGTTACGGGGTCCGACATATTCTTTGCC,12,0.570791677,5.71E-07
212,TTGCAACCACCCGTCACTCGGGAAAATCTATGGTATGAAA,12,0.570791677,5.71E-07
213,TGGCGTATGTTCGTCTAGAATAATCCGAGAGGATCGGGGA,12,0.570791677,5.71E-07
214,ACATGAATGTTAGTTGGTTTGGGCACTGGATTATGGGTAT,12,0.570791677,5.71E-07
215,TGTTGCCGCATCAGTCTTCATTCATGGGTCGCCCTAGGGA,12,0.570791677,5.71E-07
216,TCTATCCTATGTCAGCTAACGGTATGCGGAGTGGCTTCTC,12,0.570791677,5.71E-07
217,ATTACGTCCATAGCATCTAAGTGAGATCTACAACAGCCGG,12,0.570791677,5.71E-07
218,GTTGAATTTGGTGGCATTTTCCCGGGATATTAGAGTCTAG,12,0.570791677,5.71E-07
219,AGCCAGAAGAGAAGGCTCGATCACGTATTTTCGTGACTTG,11,0.523225704,5.23E-07
220,CGGCCTACTTAAGTGGCATAGAATCGATATAACTTTAAGA,11,0.523225704,5.23E-07
221,ATTACATCATGTCAATTGCAGCCGGCGACATGCGGGCATG,11,0.523225704,5.23E-07
222,TCAGTCCTCCAGGTGCTCGCCTCCGCTGTTACGAATTGTT,11,0.523225704,5.23E-07
223,ATCCTGGTTTGTTGGTTAACTTGCGAGCAACATCGGATAT,11,0.523225704,5.23E-07
224,TTGGGTTTGGGGGCGATCAATTCTCGGTGGTGACGGACTA,11,0.523225704,5.23E-07
225,CCTCCTGGTAAGTTGGATGTTTTGTGGGGTAGATCCCCTG,11,0.523225704,5.23E-07
226,GGTGGCACCGTAGGATTGTACAGGTGAATCACTATTACTG,11,0.523225704,5.23E-07
227,ATACCGTTAGTCGGATTTACCGGATATACCTCCGTGGGTA,11,0.523225704,5.23E-07
228,AATATTGAGTGCGTTGGACTATACGGCGGCTAACATGTTT,11,0.523225704,5.23E-07
229,ATAAGTGGCGTGAGATCCTCAAGCGACGAACGGTTGTGCA,11,0.523225704,5.23E-07
230,TAGGCGTGACTGGGTTCAAGTGTCCAGGATCGATGCACGA,11,0.523225704,5.23E-07
231,GTGGGGCGTCGCAAGATAAGGTGAGCTAGGTGTTAGGTAG,11,0.523225704,5.23E-07
232,TTGAAGAGAGATCTCATTTTTGGTACGGCTTTTACTGTAT,11,0.523225704,5.23E-07
233,TAAGTCTGAGCGACTTCTCCGTCGTATTATGTACCTAAAG,11,0.523225704,5.23E-07
234,GACGCGCTGTTGCAAAATTCCATCGGGTTAGGGGGGAATA,11,0.523225704,5.23E-07
235,ATAATAAAGCGTGAACTCTGCCGGGTGGCGATGATTGCGA,11,0.523225704,5.23E-07
236,AGCCAATCACCGCTGTTTGATACATCTCAATTTGACACTA,11,0.523225704,5.23E-07
237,AATCGAGTTATGTTGGTTGTACTCAAGCGGAGAGGTCCAT,11,0.523225704,5.23E-07
238,AAGTACTTGCTCCTCATTCGGTGTCGAAATATTTTCTCGT,11,0.523225704,5.23E-07
239,TTGGCTATGTGTGTCACCTGCGTCCCGATTGGCTTTTCGG,11,0.523225704,5.23E-07
240,CAGGTAATTCTACGGTTCTGGGACTCGGGAGATTTAATGG,11,0.523225704,5.23E-07
241,GAGGCTCCCCGCTATCGACGTCTACTTTTCACGTTCTTGT,11,0.523225704,5.23E-07
242,TAGACCGCGAACAGTCTCGACTGACTCGGCATATTAATTG,11,0.523225704,5.23E-07
243,GGCCCATTTATGACGGGTACGGAAAGATGTTTGATGGAAC,11,0.523225704,5.23E-07
244,TTGGTGGTAGTGACGTTGTTTACGTTTATGAGATCGCTTC,11,0.523225704,5.23E-07
245,TCCAAGGGACGTAAATCTTATGAGGATAGTGGTCTAAAAG,11,0.523225704,5.23E-07
246,GTACGGTAGAGGCCAGTTGAAGTATGAATGTGTGTCAGTT,11,0.523225704,5.23E-07
247,ACCTAACGCATATGATTTAGGGTGCCTAAATTTTATACTC,11,0.523225704,5.23E-07
248,CTTCGATAAGGCCTGCGTATCTGTTGAATTCGTCTTGATG,11,0.523225704,5.23E-07
249,TAAATGCTTCTGGGTAATACATCCAACTTTGTGCATCACT,11,0.523225704,5.23E-07
250,TACTAGCTATAAAGCGTGCGGTCGTCGTGTTTGGGTAGGG,11,0.523225704,5.23E-07
251,ACGAGCCGCAATAGGATCTGCAACCATTTTGGTACTGCCT,11,0.523225704,5.23E-07
252,TCCGCGGTAAAATCGGTTGAACATCGGTGGTTGGATGCAT,11,0.523225704,5.23E-07
253,ATTGTCCACAAGCTTGCGAAGATTCATTTAGTCTTTTTCT,11,0.523225704,5.23E-07
254,AATTGGGAGAATACTGTTGGTTACCCGATGTCAATTTGGC,11,0.523225704,5.23E-07
255,TATAATCTATTTTTAATAGTAATTATTTTTATGGTCCGAT,11,0.523225704,5.23E-07
256,CCAAGGCTTCGTGTTTTTGATCCATGCTGTGTAAAGCTGT,11,0.523225704,5.23E-07
257,GAGGTTTAATAAGAGAGCTTAGGGAGATGGGGGTGCAGTT,11,0.523225704,5.23E-07
258,CGTTGATTGACCGGACCTTGGCCCAGTCTAGGATTTGGAT,11,0.523225704,5.23E-07
259,GGCTGTTTTCCCGGACTGTAGAATAGTATAAGGACATCAA,11,0.523225704,5.23E-07
260,ATGCACGGGTCTTAGCTTTGTGAGGCAGTATCTATATCGG,11,0.523225704,5.23E-07
261,ATACTTTTAAGATGTTTGATTGCGTATGGTCCGCGAATTC,11,0.523225704,5.23E-07
262,ACTGTGTTGCACCGCAGTTTAGGTGCTGAGTCAGAAATTA,11,0.523225704,5.23E-07
263,AAAGATAGTGGCCTGCGTGCTTGCGCTCCCTCAGAATAAT,11,0.523225704,5.23E-07
264,CGTATGCTTGGGGGTCGTATCACAATATTCACATTGGATT,11,0.523225704,5.23E-07
265,GTTTAGTTGAAAATCATGGTTGGTTTTTCATAATATACAT,11,0.523225704,5.23E-07
266,AACTGTCTCGTGGAAAGAATTATGACTTCACGCTGTGAAA,11,0.523225704,5.23E-07
267,CAGGTACTGAGCTGAGGCTGTTATTTGTACGTACCCGCCC,11,0.523225704,5.23E-07
268,GGTTTGGGTTTCACTGTGTACGTATGGTGACTGGATGCTT,11,0.523225704,5.23E-07
269,ATAAGTATGCGCGTGGTATGGTGAAATAAATACCAGCAGG,11,0.523225704,5.23E-07
270,AACGGGTGGGGTCGAATATCCGTTTCGGGAGACTTTAATT,11,0.523225704,5.23E-07
271,ATGGTTCTTATCACTGCGAGACTTCCTAGCGTGGTCCTGG,10,0.475659731,4.76E-07
272,TTAAGTATATCGAGAAAATTGGGGGGCGTTAAGGGTAGTG,10,0.475659731,4.76E-07
273,ACGCTGTGGGATAATTTACTGGAGTTGGCCCTCGTGTGAA,10,0.475659731,4.76E-07
274,TGATCGAGGGGCCAATGGCCTCCATGTCTGGTACTGCCAT,10,0.475659731,4.76E-07
275,CGGGTAAGATCTTTAGAGGCACAAAAAACAGCTGTGTACT,10,0.475659731,4.76E-07
276,TGTGAGATGTGTGTCGGTTGTTTGTTGAATGTAGCAAATC,10,0.475659731,4.76E-07
277,CCGGTTCAGATTGTTGGATTTTGGCGTGCTGCTCAGTTAA,10,0.475659731,4.76E-07
278,CCCTGGACATATCTTCCCGGGATCGCAACAGCAAACGCAA,10,0.475659731,4.76E-07
279,TATACAAGCATCCGGCTATACTTTTTTTCGGTATTCGACA,10,0.475659731,4.76E-07
280,TAAGTTTTGTACACATTGAGTTGATCCTGAGCCTTCATTT,10,0.475659731,4.76E-07
281,TGGATGGTCACTGACAGTAGTGCCATATTAGGGCATTCGA,10,0.475659731,4.76E-07
282,TGGCTTTTGTGAGAGTTGTGTCTGCGAGGAACCAGTGGAA,10,0.475659731,4.76E-07
283,ATTCACAGCAAATCCTTCTGTGGGATTTTTGATTTTAGTC,10,0.475659731,4.76E-07
284,GCAAGAGCCTCAGCCTTCTATGGTGCCGGATTTTTGTGTA,10,0.475659731,4.76E-07
285,GCCATTCGGTATTGGCTTAGCTGCGACTACTTGCAAGGGT,10,0.475659731,4.76E-07
286,CGAGGTGGAAAGTTTTAGTTGTGAGTTAAGGGTAACCCCG,10,0.475659731,4.76E-07
287,CCATTTGGTTTACAGTTTTCGTCCTTAATAACAGGGGGCT,10,0.475659731,4.76E-07
288,TTGAGGTGACACGTTATAAATGGGGAGGGTGGCGGATGGC,10,0.475659731,4.76E-07
289,TCGTCCCAGTTATGCCATCCTCGAGGATGTGTTCGGCTCA,10,0.475659731,4.76E-07
290,AGCTTTTCAAAATGGGTTTGCTCTGTTAGGTCATGTCGTG,10,0.475659731,4.76E-07
291,AGGTAGGAGTAATTGCTTTTCATTCGGAGTAGAGACCCGT,10,0.475659731,4.76E-07
292,ATTTGGTACGATCTGTGACATCTCAAAATGTAGGCTGTTT,10,0.475659731,4.76E-07
293,GGAGTTGGATGAAAGGTTTAATCGGGCCGGGGTTAGGGTC,10,0.475659731,4.76E-07
294,ATGTCTAGCAGTAGGCTGGTTGGATGACCTCGATGCTGCC,10,0.475659731,4.76E-07
295,AGGTAGCTGTGGTTTCATGCTGAACACGGGCGTGTGTTGG,10,0.475659731,4.76E-07
296,ATTCATGGTCCGCCGTTTGAGTCCTAGGAATATCCATGCT,10,0.475659731,4.76E-07
297,AGTGCTTGAGGGGTAATTGTTCTCATAACAGCACTAAGAG,10,0.475659731,4.76E-07
298,ATTGTCTGCGCCCAATGCCGTTTCACTTCCCATTAACTGT,10,0.475659731,4.76E-07
299,ATTTTACACCGGCATGGGTCTATAAAGGTATACACTCTCA,9,0.428093757,4.28E-07
300,TGTAGTGTAATGAGCGAGCTCGGCCGTAGCGAGAAGGGTT,9,0.428093757,4.28E-07
301,GGGATTGTTAGTTTTTGGATTATAGTATGAGCGCAACTGG,9,0.428093757,4.28E-07
302,CACAGTTTCGGGTGCGGTCGCATCCTTTGATACATTTACC,9,0.428093757,4.28E-07
303,CGCTATAAGTCATTTGGTAAGATAAAAAAACGCACATGTG,9,0.428093757,4.28E-07
304,CGAGTCCCTCCCAGTCTATCCCCGATTTTCAGGTTCAGGT,9,0.428093757,4.28E-07
305,TAGCGGTATTAAGTACAGAATGCACAGACTGTTTAGAGGG,9,0.428093757,4.28E-07
306,GGCCGAGTTAATTATTGTTCGTGTGGCAACGCTTGGAGGG,9,0.428093757,4.28E-07
307,CCGCAATAATATCAGGGTTGTTTAACCTGCAGTTTGGGAC,9,0.428093757,4.28E-07
308,CCATAATTGAACCCGATAAGGTGCTACGGAAGGCAGATCG,9,0.428093757,4.28E-07
309,TTATGTATGGTCGACTACCATTATGCGTTCGCCGGCATAT,9,0.428093757,4.28E-07
310,TGTTCGTTCCGGAGATTGGGGTCGTCTGAGTCGGGTTGCC,9,0.428093757,4.28E-07
311,GAAAGCTTGTTGTTGGATATAAGAATCGGGAATGTATCGG,9,0.428093757,4.28E-07
312,AGTCGGCTATTAAGAGTGCACACGCCTGTATGACCATAAT,9,0.428093757,4.28E-07
313,CCGTCCTGAGTATGTGGCTCTCCGTGGTATTTTAAAGGGG,9,0.428093757,4.28E-07
314,TCGGAAGCAAAGTTTTTGTGTGAGGATGCGTTGTGGGTCA,9,0.428093757,4.28E-07
315,TACATGGACCAGGGAACGTATACAATAAAAGAGCATGAGA,9,0.428093757,4.28E-07
316,CTGGTATGAGGAACAGCATTTATACTTGCAAAACGTGTCA,9,0.428093757,4.28E-07
317,GCGGCTCACTGAGGGTATAGGGCTCATAATGGTGCGGCTT,9,0.428093757,4.28E-07
318,CGTTGTGACCCTGAAGACCGAGTGTGTCGCTAGTGGCAAT,9,0.428093757,4.28E-07
319,GCAGACATCCGGCTCTGCTCCCATCCTCATTCTATTGCGA,9,0.428093757,4.28E-07
320,GCGGCATGGTACAGCGTAATTTTGTGTCAGTACGTTCGAG,9,0.428093757,4.28E-07
321,ATGGACGGGCGCTTCCTCACTGTCTCGGATAATTTTTGCT,9,0.428093757,4.28E-07
322,GAGTGTAACGGCGAAGTGTGAGGTCTTGTGTGGTGGAGGG,9,0.428093757,4.28E-07
323,TTGTCAGTGTTGTGCGTCTCTTATGATGTTCGATGGGAAT,9,0.428093757,4.28E-07
324,TAACGGACTTTTGATTATAAGTTAAGTAACTTCAGTGCTT,9,0.428093757,4.28E-07
325,GCAATGCTCTCGAAGGCGGCTCGCATAGTAAAGGTTAGTC,9,0.428093757,4.28E-07
326,TAGATATGGCGTTTGAATTGTGTTTTAAAAACCGGGAAAG,9,0.428093757,4.28E-07
327,CGGCGATGCGGGAGCGTCGGTTTTGCCACTACGGGGGAAG,9,0.428093757,4.28E-07
328,GCGCATGACGGGGTAATTGTCGATTTTGTTGTAAGTGAGC,9,0.428093757,4.28E-07
329,AGCAATGAGCCGTCTGCGGTTAAGCGTGGCCCCGGTTGAG,9,0.428093757,4.28E-07
330,CAACACCGTCTCTTACTTCATCCGAGTTTCGCTTCATACT,9,0.428093757,4.28E-07
331,AGGCGAGGGTAGTTCTGTGCATGGTTTGCGAAATACTAAC,9,0.428093757,4.28E-07
332,TTGTCCCAGGGGTTAGTTGCCGGTAGATCAGTTCTTTAGG,9,0.428093757,4.28E-07
333,CCCTAGTTAGCAAACCAGCACCTCTGGCTTAGTCGGAACC,9,0.428093757,4.28E-07
334,CGCACAGCTAGAATCAGAATGCTGTGATGGGTCTCTTGGC,9,0.428093757,4.28E-07
335,AGAAAGTCAATCACATTAGGGCGTGTGGCCTTAAAGTCTC,9,0.428093757,4.28E-07
336,GTTGGGCGAGTTGGCTATCTCATGGTTCGGGAGGAGCTTG,9,0.428093757,4.28E-07
337,TAGGATGACTGGTATGATATTACATCGGTCGTCGGTGGTC,9,0.428093757,4.28E-07
338,GAACGGTTCGCCGGAACCTCGGGATGTTTTCCCGCACATT,8,0.380527784,3.81E-07
339,CGCGTTAGGGGATAAATGGCTAAAGAGGTTTGCTCGGTCA,8,0.380527784,3.81E-07
340,GGTTTTTGCCTAATCATGCACAAATGGCCGCTTATTATGT,8,0.380527784,3.81E-07
341,GGCGGAGAACGCCGGTAATAGTATGAGTAGTACGTGGTTG,8,0.380527784,3.81E-07
342,GTTGGAGATGGTAGGCTGGCCCATGAGTCTAACGTCGTCA,8,0.380527784,3.81E-07
343,CGTTTTCCTTTTGTGTTTCTACATGGCTAGTTGTCGTAGG,8,0.380527784,3.81E-07
344,GAGCCGGTGTTTTTATTGGTCTATTTGTCATGTCAGAATG,8,0.380527784,3.81E-07
345,TCATGCTGTCTCTCACTTGCGGAGGCGCGTACAATATGTC,8,0.380527784,3.81E-07
346,TCCACTGGCCTTGCGTGCTTACGGGGATGTGAGGATGAGA,8,0.380527784,3.81E-07
347,TCGGATGCTATGTAATATGTTGGGGGGGTGGAGAGGCTTC,8,0.380527784,3.81E-07
348,ACTATGCGTTAGGATTATTTGTGACGGACGTGCCATATGC,8,0.380527784,3.81E-07
349,TAGTGCCTTTTATATGGATTCAGGTAGGGGTGGGAGCGAA,8,0.380527784,3.81E-07
350,GACCTGGTCTGAGGTCCGGCCCTCATACCTGAAGGGTTCT,8,0.380527784,3.81E-07
351,CGGAAACCATTGAGTGTCAAGTCTGAATATTCCATGCTTT,8,0.380527784,3.81E-07
352,AATCCACCTTTCCTATTTCGTATCCTCGTGGACTAGGCAT,8,0.380527784,3.81E-07
353,CAGGCGGATTGAGTGGTAAAGACGGGTTTCCAGCGTGGCC,8,0.380527784,3.81E-07
354,TACCTTGCCGACTATCTTTTCCGTTTATCCGAGGGTTATG,8,0.380527784,3.81E-07
355,ACATTGTTATTATCTATTTGAATATTTAAGTTGCGGGCAG,8,0.380527784,3.81E-07
356,CACAAAGGACCCAAAAACCCTGTGTTTATCTCACTGGTAG,8,0.380527784,3.81E-07
357,AAGCCGGCCCCCGTCCTATGTCATGTTCGCGCTAGCGAAC,8,0.380527784,3.81E-07
358,CTGGGGCTCCGGTAGGATAGCTCTGTAATTGAACTGTTGA,8,0.380527784,3.81E-07
359,TGGCTTGTTCCGTTCGGGTTACGGAATCCGCTCCGTTGCT,8,0.380527784,3.81E-07
360,CGCCATAGTACTTAAACCTTTATTCTAATCTCAGAGGCGA,8,0.380527784,3.81E-07
361,TTGCGATTAAACGAGAGGGCGTGATGCGTCACAGGGCGGG,8,0.380527784,3.81E-07
362,ATCGCATCTTGGGAGATATTAAAGGACGGAATCCACCAGT,8,0.380527784,3.81E-07
363,AGTTCTTTTGCCATTTTGTTGATGATCCGTTTTCGGAAAA,8,0.380527784,3.81E-07
364,TCGTGGGATGACTAAGGGGTTAAGGGGGTAATCTTGATCC,8,0.380527784,3.81E-07
365,GAAGTTCAGCATATCGCTCGATGAGTCGGCTAGTACTTCA,8,0.380527784,3.81E-07
366,GGCTACTGTGCTTGTCAATCTGGTTGGGTAGGCATACCGA,8,0.380527784,3.81E-07
367,CGCGCCCGCCGCAATATGTCCGGGGCTGGTGGTGTAGAAC,8,0.380527784,3.81E-07
368,TAGGGGTTATGGTCCAGTAGCTGTTGCCGGAAAAGGAACC,8,0.380527784,3.81E-07
369,TCCGTACAGGGCTAGTATGCCACTACGTCGATGCACGTTG,8,0.380527784,3.81E-07
370,ATCTAATGATACTATCATACGTGTCAGAGGAAGGTTCGAT,8,0.380527784,3.81E-07
371,GGATCCGGGGTCTCTGATCTAATGAAAGCATTTCATAATC,8,0.380527784,3.81E-07
372,CTCGGCATAGGTAGACTTTCTACTTCTACGGGTGGGACTT,8,0.380527784,3.81E-07
373,GGATCATCGGTGGCCCGGGCTAGTGCCTATGTCAATCGTT,8,0.380527784,3.81E-07
374,ATGGCGCTGACTTTGGGTTAGGGGAGCAATAGTAAATGAG,8,0.380527784,3.81E-07
375,ATATCCTGTCTACATTGCGGGCAATGTGGACGGACATGCA,8,0.380527784,3.81E-07
376,AATGCGGTGTAGGCTTAAGTGTTATATGGTGATGGACTAT,8,0.380527784,3.81E-07
377,TTACATCCTTTCACTGCTAGCACTTTCGACCTAAGGGTAT,8,0.380527784,3.81E-07
378,GAGAGTGTCCGCGGCTGTATATCTTTAGGCGGTTGAAGGA,8,0.380527784,3.81E-07
379,GGTGCAGCCGAATCGTTTTCGATACAGGAGTTAGGAGTGG,8,0.380527784,3.81E-07
380,TGATTTGTTAGTTAGACCGTCTGTAGTCATGTTATTTCTC,8,0.380527784,3.81E-07
381,TGCAGATTAGATTTAATCGTGAGATTGTTTTAGCGGGAAC,8,0.380527784,3.81E-07
382,TGCTGTTCTAGTGAGCCGTCGAATACGGATGTGGAGGGGG,8,0.380527784,3.81E-07
383,GTATGGTAGTTCTCGCGTCAAAGCAGCTGGTCGGGAAAGG,8,0.380527784,3.81E-07
384,GTGATACTTTCAGTTAACCCGTGGGAAGCGCATGTGCTAA,8,0.380527784,3.81E-07
385,GTCTGCGAGGGGTAAGTGCGGCGGCGGGGAGATCGGGGTG,8,0.380527784,3.81E-07
386,AATTGGCGATGTTAGCGTGGGGTTGGAGAAAGTGCATAAG,8,0.380527784,3.81E-07
387,TTGTTTTTATGGTCGTTGCTGCTTAAGGGTTATCGCGTTC,8,0.380527784,3.81E-07
388,CGTAGTAACTAATTTTCAAGATGGCGGGTCATTTTCAACC,8,0.380527784,3.81E-07
389,CGCCGTTGACGGGGATGGAGGGCACCTTAAGTAGGTCGAC,8,0.380527784,3.81E-07
390,CTGTACCAAGTATTAAGGGTGCGGGCGGGAATAGATGACA,8,0.380527784,3.81E-07
391,TGTTTTGAATGGTCAGTAGCGGTTTCACCTGGAATCGATC,8,0.380527784,3.81E-07
392,GGATGCACTATGTCTCTTTAAACGTACTTTTAATGCGGTC,8,0.380527784,3.81E-07
393,CAAGCGCGTTGATCACAGTCAAAGACCACTTCTTATTTGC,7,0.332961811,3.33E-07
394,GTTAGGGTGTTTCTGCGTAGTGTTTTATCCGTGTTTTTGA,7,0.332961811,3.33E-07
395,GCGGGTTCGCACTAGTTTGCGCAGTCTACGAGGTAGATTT,7,0.332961811,3.33E-07
396,GAGGAAGTCGTAAGAAGCATGAGTATTAGCCCTCGGAATG,7,0.332961811,3.33E-07
397,GATAGCTCTTATATTGTTCTGGCGAGCATTGAGGTTTTAG,7,0.332961811,3.33E-07
398,AAGGGAATCCCCTTGTGCTGTGATAGGGGGATTTAGGTAA,7,0.332961811,3.33E-07
399,CGCGATCGGAGTTTTTAGGCACGCGAGGATCGCATAACAA,7,0.332961811,3.33E-07
400,AGAGCGCAATTGTGTAGTTCTTTCTGGCGGTGGCTCGTGC,7,0.332961811,3.33E-07
401,CAGGGCCCATTTTGATGTAAATGGGACTAAGTTGGACTTC,7,0.332961811,3.33E-07
402,GGCAGTTTATCGTCGTGATTGGGAACCTAGGGATCGCTGA,7,0.332961811,3.33E-07
403,AAGTACCACAACCCGGAAATAACTTACACGATGTCTATAG,7,0.332961811,3.33E-07
404,ATGAACCAAACCTGCTAAAAACGCGCTTGGTTTCGTTCCC,7,0.332961811,3.33E-07
405,ACGCATCAATGTATTGATAGTGCGTCGTCACCCACTACTG,7,0.332961811,3.33E-07
406,AAATGGGTGCCAAACGGGCCTGTTAGGATGATGGAGGTCT,7,0.332961811,3.33E-07
407,GAGCTTCTGTAGTACCTTGCACGGTGCCCATCAGGTTGAA,7,0.332961811,3.33E-07
408,AGTTTGGTATGTGTACTACGCTTTACGCACCCTTCGTGGC,7,0.332961811,3.33E-07
409,CTAGCGGTCATTCACTAGCAGGGATTGAGCATTGAAGGTG,7,0.332961811,3.33E-07
410,AAGTCCACTCCAAGTGCGCCACTATAAGCGCAGCATTGCG,7,0.332961811,3.33E-07
411,TCATCTTTCGGCTTGTCCTAGCAGTCCCTGGATTCTTTGT,7,0.332961811,3.33E-07
412,TTAGCAAGTTATCGGGCGCTCGGGTTCTCTTTTAGAAATG,7,0.332961811,3.33E-07
413,AGCGGGAGATAGGCGGTAGTTCGTTATGTAGAGGTACAAC,7,0.332961811,3.33E-07
414,GATCGCTGATAGAGTCGTACGCAATTAGTGGGATGATCCC,7,0.332961811,3.33E-07
415,CTTTGGGCGTTGTCTGGACTCGTAATTCTGTTCTGTTTGA,7,0.332961811,3.33E-07
416,ACGGTCTTCCACTGGTCCTTGGGTGGTGCGAAAGTATAGC,7,0.332961811,3.33E-07
417,AAGTGGACTTGTTTTGCTGTACGGATTACGGTGACGGATG,7,0.332961811,3.33E-07
418,ACATTCGCTGTCAACTCGTCAGCATGAGTAAATGCGATCA,7,0.332961811,3.33E-07
419,GCCGACGTGAGGCAGTGAAGCGGAACTATGATCGTCATAC,7,0.332961811,3.33E-07
420,GGCATGGGGAATGTAGATGGGCGAGGTTTTGTGTAAATTA,7,0.332961811,3.33E-07
421,GGAGAAACACCCCGTGTTGGGGTTTCGCGAGCACTAAATT,7,0.332961811,3.33E-07
422,CGGTGGGGGATTAATTACGCAGTGGATGCCGATTCGGTTT,7,0.332961811,3.33E-07
423,AGGTAAGTTGGGGCTGTTACTACTCGGTAATCTATAATAT,7,0.332961811,3.33E-07
424,CCCAGGAACACTCGGATAGTGGACTCAATCGCGTTCCAAA,7,0.332961811,3.33E-07
425,GATTGAGCTTGATATGCGGCTCCTACCTTGTCGGATGGTG,7,0.332961811,3.33E-07
426,GAATGACCTACCTTGTTGTGAATACTTTCCTTACTACCCA,7,0.332961811,3.33E-07
427,TTTCAGTAGCCGGCGCGTATATTTGTCAGCTGACAGTATT,7,0.332961811,3.33E-07
428,TTGTAGTCCAAGGATCTAAGCTTTGTCCGGTTTCAGAGTT,7,0.332961811,3.33E-07
429,TTCACTGTGATGGTGTTGGTGAAATTGGCATGTCTACAGC,7,0.332961811,3.33E-07
430,CGATTTTTTGGGGCCACCATAGTGTTTCGCTAAACACTAT,7,0.332961811,3.33E-07
431,TTGGGAAGAGGAGTCTCCTTTACTCGTGAATAAGCTTACA,7,0.332961811,3.33E-07
432,AGGCAAACAAGCGCACCCGGGGCCCAGTGCATTAGCACTC,7,0.332961811,3.33E-07
433,AGAGGCACCGAGCAGATTCTACTGGTCTTGGACAAGGTTG,7,0.332961811,3.33E-07
434,TGGCTGCTTCTAGGACGCTCAGTGGGGAGGCCTAAATTGA,7,0.332961811,3.33E-07
435,AATAGTAGGGAGCGTTTGCGTAATAGTACGGAGGCCGGGG,7,0.332961811,3.33E-07
436,AAGTCGGGCATATTGTTCGTTGTTTTGGTGGGTGGGTGGT,7,0.332961811,3.33E-07
437,CGCAGTGGGTTTAACCCTTTTAGGGGAGCTTGAATGGGGT,7,0.332961811,3.33E-07
438,AAGGCAGATTGGTTCCTAACTTTTCAAGGAGACTCTATTA,7,0.332961811,3.33E-07
439,ATTGGTCTAAAGTGAGCCATTCATGGTAAAGAACTCTGCT,7,0.332961811,3.33E-07
440,GACTAGGGATGTTTCAATCGACTTTTTATGATTGGTGTCG,7,0.332961811,3.33E-07
441,GTTAGCCAATATCCTAGGTAGATCAATCTTAATGTCCTGC,7,0.332961811,3.33E-07
442,GGGATGGGTGAATGTGGTGCACCGTAATCTCTCGGCCGTG,7,0.332961811,3.33E-07
443,CTTATGTCACTTGAATATCTGATTGGCGAAGATGACGTTT,7,0.332961811,3.33E-07
444,GCATGGGGGGTGATGTGCTATTAGGTTATAGCTTTCCATA,7,0.332961811,3.33E-07
445,TGCGAGGAGATAGGCGGTCGTAAATGTTACCTACGGTGTT,7,0.332961811,3.33E-07
446,GTGCACGGACATCGAGGCATGCATACTTGGTTTCAATTAC,7,0.332961811,3.33E-07
447,GTCAACCTGAGCTGTTGACCTCAGATCGGTTAGTTGTACC,7,0.332961811,3.33E-07
448,GCGATTGGTGTGGACTCAATTCTTTAGTAGGGTGGATCAC,7,0.332961811,3.33E-07
449,CAATCTTGCCGTTCGCCGAATGCTTCGTTGGGAGTGACTA,7,0.332961811,3.33E-07
450,TAAAAGCCTGGATCGCTACTGGACAGTTCATCAACATCTT,7,0.332961811,3.33E-07
451,GCAATCCCGGACTGCAGTCGGATATTGGACAGCGTAAGAG,7,0.332961811,3.33E-07
452,TACATAATGGTTAGAGGCTAATCTAGTTGCGTGGACTGAA,7,0.332961811,3.33E-07
453,GGGCGAGTGGCTCTGGTTGCATTTCTAGAGTATGCCGTTG,7,0.332961811,3.33E-07
454,CTCGGTTATATTAGACTGGTTTCAGTGTATCTTTAGGTGT,7,0.332961811,3.33E-07
455,CGCTCCGGTTGGCATCTGTTGTATGCAATGTAGTAGTTGA,7,0.332961811,3.33E-07
456,AAGGTTCAGTAGTCGCAGGACCTCTGGGGATCGTCTGAGG,7,0.332961811,3.33E-07
457,ATCGGATGAACGGATCAATAGGAGAGAAAAGACTAACGGT,7,0.332961811,3.33E-07
458,AGTTTGCAGAGTCTAGCCACCTCGGTGAGGGTAGTTGCCA,7,0.332961811,3.33E-07
459,CGGCTTAAGAGGTACCAAGTCTCGGAGGGCTTCAACGGGT,7,0.332961811,3.33E-07
460,CAACGGACTCGTCAGTACAACAGGTTAAGGTTGTGGGTAG,7,0.332961811,3.33E-07
461,GACAGGTCTAAAAGCCGAGATTGATTCATTCTCTGGTTAC,6,0.285395838,2.85E-07
462,ATTTAGTTCTTTTATTCTGTAATGTAATCCTAACCTGCCT,6,0.285395838,2.85E-07
463,CCTAACCGGGTAGGGAATTCCGGTAATAGGGTGGTAGATT,6,0.285395838,2.85E-07
464,CGAGGCGGATAAGCAGGTCCTGTCACTATAAAGAAGTTTG,6,0.285395838,2.85E-07
465,GTGGAAGGCTTTTAGGGAGCTATACCGTTTGGGACGGGGA,6,0.285395838,2.85E-07
466,CAAGGGGGATCGGAATGGTCAATTTATCCAGGGAGGCCGT,6,0.285395838,2.85E-07
467,CTGCTAACCATGGCACCTTGGGCGCTAATACTGCCTCCCT,6,0.285395838,2.85E-07
468,AGAATAGTGAGCATCAGTAGGTATCCGGAAGAACAGCGGT,6,0.285395838,2.85E-07
469,TAAACATGGTAAGGTGCGTCGATGCGTCCACAATCGTTGA,6,0.285395838,2.85E-07
470,CCGCGAACCTCGTTAATGTGTAATCCAGTACCAACCAAAT,6,0.285395838,2.85E-07
471,AATATTGCCCGCTTAAGTTAGATTCACGGAACCATGGGGT,6,0.285395838,2.85E-07
472,GCCAAGTGATATCTGTCTTGGGGCCAATTAGCTTCTCCTG,6,0.285395838,2.85E-07
473,ACAGTCATACAGTTCCTCTCGAGGCCGAGATTTATAGATT,6,0.285395838,2.85E-07
474,TCCCCCTAACCCTATCGACGTAGTCGGGCGAAAATCGGAA,6,0.285395838,2.85E-07
475,CAAGTGGTGTAATTCGCTGTGTGTTTAAATCATTGAGTAG,6,0.285395838,2.85E-07
476,TTGTGGCGGGTCCCGGCACAATCCATGGCCTGTATCTTGG,6,0.285395838,2.85E-07
477,CAGTTGAGGAGAAGGGCCTCGACGGGTTTGATTGTACATT,6,0.285395838,2.85E-07
478,AATTCTTGAGAGTGGGCTACTGTACATTGTAAAAGCGTGA,6,0.285395838,2.85E-07
479,GTGGCACGTCGCAGTTGCTCGAGAAAGGGTGCACACACCT,6,0.285395838,2.85E-07
480,GTGAGGATTGTTCACCGAAAGCGGACGCAAACCGCATCAC,6,0.285395838,2.85E-07
481,ATCACGTCTCGAAGGTCATATACCTGGAATGGTTCTATGC,6,0.285395838,2.85E-07
482,ACAACACGCTTGCTGCCGATGGCGTGTTACTAAAGGCCTA,6,0.285395838,2.85E-07
483,CATTGGGTGATCTGGGCGAGGGTGATTTTAGTAAATGGTT,6,0.285395838,2.85E-07
484,TGGCTATGTAGTATATAGACGTTTATTCGTGCGTGGTTTT,6,0.285395838,2.85E-07
485,CAGATAGTGGTGTGCAGTCCTATCAGGGTATTGGTAACCC,6,0.285395838,2.85E-07
486,TACCGGCTATCTATGTTTGATCTTCGTGCCTAACATATTA,6,0.285395838,2.85E-07
487,ATGTCGTAAGTGTGTGTATTGATGGGAAGCGGCAACAAAG,6,0.285395838,2.85E-07
488,ATCATAGAGTAAGACTACGCGGGTGGGTTCATCCTTTTGG,6,0.285395838,2.85E-07
489,CCGTATATGGAGCTTGTGCAATGGGATAACAGGCGGGTCA,6,0.285395838,2.85E-07
490,AGGGTAGTCGAGGACCCTTCAAAAAGTCTAACCGTATTAA,6,0.285395838,2.85E-07
491,TGGGGGGAGTGGCAACCTGGATACTGAGGCAATTCGGATT,6,0.285395838,2.85E-07
492,CTATTTTCGTTTCAGAAATAGGAGTGGGCTCTTCTTGCAT,6,0.285395838,2.85E-07
493,GCGAAATTTCGTGTCATTATTCATTCGAACATGGAGCGCG,6,0.285395838,2.85E-07
494,AATTTATCTTTAATGAGGGGCACTTTATGTAACGGGTTGT,6,0.285395838,2.85E-07
495,GTTCAGGATAGTGATGAGGTTACATTGGTAGGTTTTTGAC,6,0.285395838,2.85E-07
496,GGATGGAAATAATGGCCCCAGCCCTAAAGCAGCGGATAGC,6,0.285395838,2.85E-07
497,AAGATTGTGACAACATCTGGTAGGGATGAGCTGTATACTA,6,0.285395838,2.85E-07
498,TTGAGACCATAAATTATGAGTGTCATCTTTTTTGTTGCAA,6,0.285395838,2.85E-07
499,GTTGTGTCGAGAAGGAACGGAGAGTCAGAGACGACTTCAC,6,0.285395838,2.85E-07
